{
    "db": {
        "options": {
        }
    },
    "utilityProvidersGeneralWords": ["company", "inc", "and", "."],
    "replacements": {
        "+": "plus"
    },
    "cookie": {
        "secure": false
    },
    "email": {
        "onErrorSendEmail": false
    },
    "salesforce": {
        "contactUrl": "/sfdccontacts",
        "accountsUrl": "/sfdcaccounts",
        "accountUpdateUrl": "/sfdcaccountupdate",
        "projectsUrl": "/sfdcprojects"
    },
    "apps": {
        "Classroom": "/classroom",
        "BrighterView": "/management",
        "Verify": "/verify",
        "Respond": "/respond",
        "Analyze": "/datasense",
        "Utilities": "/utilities",
        "Projects": "/projects",
        "Connect": "/connect",
        "Help & Updates": "/helpandupdates"
    },
    "availableWidgetIcons": {
        "Graph": "https://docs.google.com/a/brightergy.com/uc?id=0B3-lYVkYUF8HaVRnYThybVhmdWc",
        "Energy Equivalencies": "https://docs.google.com/a/brightergy.com/uc?id=0B3-lYVkYUF8HWWFYNklUVXU4UFk",
        "How Does Solar Work": "https://docs.google.com/a/brightergy.com/uc?id=0B3-lYVkYUF8HZlQtemxvd1pQVVU",
        "iFrame": "https://docs.google.com/a/brightergy.com/uc?id=0B3-lYVkYUF8HdXZQc3dsbDJ5U00",
        "Image": "https://docs.google.com/a/brightergy.com/uc?id=0B3-lYVkYUF8HM0tmb3RDQ2hBYTA",
        "TextArea": "https://docs.google.com/a/brightergy.com/uc?id=0B3-lYVkYUF8HUm9rY3ZRdjRFd3c",
        "Weather": "https://docs.google.com/a/brightergy.com/uc?id=0B3-lYVkYUF8HcmdLWkJUY3RMUkU",
        "Solar Generation": "https://docs.google.com/a/brightergy.com/uc?id=0B3-lYVkYUF8HaHJFMVNTV1BMTHM"
    },
    "graphWidgetIcons": {
        "clear-day": "https://docs.google.com/a/brightergy.com/uc?id=0B3-lYVkYUF8HelEtN0t6OHdXejQ",
        "clear-night": "https://docs.google.com/a/brightergy.com/uc?id=0B3-lYVkYUF8HZHZMUU1QdW13Wkk",
        "cloudy": "https://docs.google.com/a/brightergy.com/uc?id=0B3-lYVkYUF8HUTBHQm5QZHFJSDQ",
        "fog": "https://docs.google.com/a/brightergy.com/uc?id=0B3-lYVkYUF8HU2ZiYXhJT19lSXM",
        "partly-cloudy-day": "https://docs.google.com/a/brightergy.com/uc?id=0B3-lYVkYUF8HUDFuWVBQeUxfQTA",
        "partly-cloudy-night": "https://docs.google.com/a/brightergy.com/uc?id=0B3-lYVkYUF8HcnE4aFJ1bXY4OTA",
        "rain": "https://docs.google.com/a/brightergy.com/uc?id=0B3-lYVkYUF8HSUZwcS1wWDlFVjQ",
        "sleet": "https://docs.google.com/a/brightergy.com/uc?id=0B3-lYVkYUF8HWDNmSHAwU2NoSGc",
        "snow": "https://docs.google.com/a/brightergy.com/uc?id=0B3-lYVkYUF8HUDgyZk5NWXBaTk0",
        "wind": "https://docs.google.com/a/brightergy.com/uc?id=0B3-lYVkYUF8HWG5HelJqVTh3Smc"
    },
    "aws": {
        "route53": {
            "createCNAME": false
        },
        "assets": {
            "generalAssetsKeyPrefix": "generalAssets",
            "accountAssetsKeyPrefix": "accountAssets",
            "presentationAssetsKeyPrefix": "presentationAssets",
            "dashboardAssetsKeyPrefix": "dashboardAssets",
            "userAssetsKeyPrefix": "userAssets",
            "userProfileAssetsKeyPrefix": "userProfileAssets"
        }
    },
    "cdn": {
        "hostname": "d2i8g5pbc32ox4.cloudfront.net",
        "domain": "cdn-assurf.brighterlink.io",
        "bucket": "assurfassets",
        "env" : "development"
    },
    "api": {
        "host": "api.brightergy.com",
        "version": "v1",
        "secure": true
    },
    "siteAnalytics": false,
    "scopeCryptoKey": "BrighterLink",
    "services": {
        "weather": {
            "authorizationToken": "DFuT8BmhjQuvpQlv98jvhQkv05nbQWmvjuq",
            "currentWeatherUrl": "https://weatherservice-staging.brighterlink.io/api/v1/current?",
            "forecastWeatherUrl": "https://weatherservice-staging.brighterlink.io/api/v1/forecast?",
            "dailyWeatherUrl": "https://weatherservice-staging.brighterlink.io/api/v1/daily?"
        },
        "location": {
            "url": "https://locationservice-staging.brighterlink.io/api/v1/timezone?",
            "auth": "fjTivbHljSDkbhEkfhtTpzTlhjQ"
        },
        "dataprovider": {
            "authorizationToken": "8d860d59-6732-4e64-bac7-8f0c402d4d3c",
            "periodUrl": "https://dataprovider-staging.brighterlink.io/api/v1/period?",
            "lastUrl": "https://dataprovider-staging.brighterlink.io/api/v1/last?"
        }
    },
    "demobox": {
        "user": {
            "firstName": "Demo",
            "lastName": "User",
            "password": "Brightergy1",
            "loginPath": "/v1/users/login"
        },
        "createDemoUserApi": {
            "path": "/v1/demo",
            "auth": "JwdvRJWBudCVYyRUxz5mRJaSMCDkPC87"
        }
    },
    "recaptcha": {
        "siteKey": "6LdaDxETAAAAACpt4zDTqb1anu1jPYccLBjJXG0d",
        "secretKey": "6LdaDxETAAAAAI7VmBbjccUZ7ZPbB6DZiKbwjGpN"
    },
    "energyCap": {
        "authApiPath": "/api/v1/login",
        "logoutURL": "https://info.brighterlink.io"
    },
    "websocketsRestartCronTime": "0 */5 * * * *"
}
